whiskey,Component_1,Component_2,Component_3,type
1792 Full Proof,0.6838850816438008,0.464907400423939,0.44089492746693615,Bourbon
1792 Port Finish,0.5910235541932178,0.39441225695631876,0.4292899504669651,Bourbon
1792 Ridgemont Reserve,0.6793939986728716,0.4960254497410527,0.3984448799686593,Bourbon
1792 Small Batch,0.7068003252952606,0.4583419025540374,0.4228524110433376,Bourbon
1792 Sweet Wheat,0.609263893798307,0.37932286175601887,0.27683086040278004,Bourbon
Aberfeldy 12,0.4179075110999453,0.33986092396130413,0.22905256480434305,Scotch (Highlands)
Aberfeldy 21,0.5396701755854068,0.29791031166702436,0.2685242967313349,Scotch (Highlands)
Aberlour 10,0.4881658020201765,0.17596790625334544,0.42840117397454375,Scotch (Speyside)
Aberlour 12 Double Cask Matured,0.5172688482447688,0.16334268366484164,0.4528337883306049,Scotch (Speyside)
Aberlour 12 Non Chill Filtered,0.5312232738849825,0.1706797849341964,0.5932087532776518,Scotch (Speyside)
Aberlour 16,0.5224087285624235,0.17204736637742812,0.46335123404592593,Scotch (Speyside)
Aberlour 18,0.5219787598679937,0.1508790001712133,0.4751431275154522,Scotch (Speyside)
Aberlour A'bunadh batch #39,0.5378250000448789,0.03237561223692187,0.5466757793601281,Scotch (Speyside)
Aberlour A'bunadh batch #42,0.5419306621703596,0.12200986428901217,0.7750329774497509,Scotch (Speyside)
Aberlour A'bunadh batch #45,0.5867221692220287,0.11605906067550287,0.7740649934008463,Scotch (Speyside)
Aberlour A'bunadh batch #46,0.5904717008220388,0.02385880753340852,0.9079067486627082,Scotch (Speyside)
Aberlour A'bunadh batch #47,0.575103806497333,0.03252509712653712,0.8129571862884408,Scotch (Speyside)
Alberta Premium Dark Horse,0.7136374920937487,0.5291665926010484,0.6761646066821867,Canadian Whisky
Amrut Cask Strength,0.47416169599397057,0.32842422536714244,0.2543173397348027,World
Amrut Fusion,0.2938107975884046,0.36646358272149737,0.5127142666992897,World
Amrut Intermediate Sherry,0.6204419014419998,0.1911970830337953,0.6851532756723212,World
Amrut Kadhambam,0.522555877580504,0.29351500311978046,0.4351415941671095,World
Amrut Peated Cask Strength,0.2548489982679677,0.47672805686912767,0.39938431982551664,World
Amrut Portonova,0.501915888069771,0.253402487324183,0.4374443853704913,World
Amrut Spectrum 004,0.5198214337663282,0.2252748814868076,0.8272606983501374,World
AnCnoc 12,0.4436618931514816,0.3172311801144323,0.02970071519145967,Scotch (Speyside)
AnCnoc 16,0.5019442194881495,0.29164799998986046,0.1677816490873244,Scotch (Speyside)
AnCnoc Flaughter,0.07472606828236944,0.5272620553259364,0.3549307028475961,Scotch (Speyside)
Angel's Envy Bourbon,0.573976032910681,0.3885850421326426,0.3350645707743811,Bourbon
Angel's Envy Cask Strength,0.5675754316760323,0.37124110078136513,0.4817864367376515,Bourbon
Angel's Envy Rye,0.7666104525531167,0.6731114295597023,0.573816080596492,Rye
Ardbeg 10,0.04943481600148403,0.5585364150140193,0.42373405238969286,Scotch (Islay)
Ardbeg Airigh Nam Beist 1990,0.03526775797571052,0.5524495329867843,0.44461361735152916,Scotch (Islay)
Ardbeg Alligator,0.19036820548492106,0.531362961729047,0.5038506648153904,Scotch (Islay)
Ardbeg An Oa,0.16680815621156375,0.46878902449587534,0.43039320011323945,Scotch (Islay)
Ardbeg Ardbog,0.15796378688955964,0.47394247989791044,0.6315282384888001,Scotch (Islay)
Ardbeg Auriverdes,0.17842820055852376,0.5126826898250766,0.46739458939842793,Scotch (Islay)
Ardbeg Corryvreckan,0.1275235240924063,0.5196473551241836,0.504301412443992,Scotch (Islay)
Ardbeg Dark Cove Committee Release,0.17375330867028782,0.271627003407118,0.9114350909840909,Scotch (Islay)
Ardbeg Day,0.14085417677480433,0.41176631342396963,0.6003332045037074,Scotch (Islay)
Ardbeg Drum Committee Release,0.1670553568353182,0.49836020990773583,0.3846688494153559,Scotch (Islay)
Ardbeg Galileo,0.15452005412483505,0.504843876576941,0.519670309366397,Scotch (Islay)
Ardbeg Grooves Committee Release,0.1652507005722021,0.49999257536265684,0.5938144248435708,Scotch (Islay)
Ardbeg Perpetuum,0.10873688517843244,0.56225189686075,0.4054806814851591,Scotch (Islay)
Ardbeg Supernova 2014,0.1438390196094939,0.4898218782476418,0.47951435809643567,Scotch (Islay)
Ardbeg Uigeadail,0.10065413179708055,0.439784306110842,0.6691912609026118,Scotch (Islay)
Ardmore 12 Port Wood Finish,0.336091189900505,0.41002824041939423,0.4880044332509622,Scotch (Highlands)
Ardmore Legacy,0.22063912440383265,0.487533517264775,0.13666489592846948,Scotch (Highlands)
Ardmore Traditional Cask Peated,0.14581177299222725,0.4962796935429252,0.3465433102394584,Scotch (Highlands)
Arran 10,0.49262807221931204,0.26611769427686316,0.1701278754839176,Scotch (Islands)
Arran 12 Cask Strength,0.4842568494232914,0.1814651193152194,0.21910390882099093,Scotch (Islands)
Arran 14,0.43315439885573387,0.2957654612994046,0.2608948779519576,Scotch (Islands)
Arran Amarone Cask Finish,0.5370857392130821,0.19796428429518467,0.5457437752169091,Scotch (Islands)
Arran Port Cask Finish,0.5254666676861655,0.22461895223777165,0.4927627873945133,Scotch (Islands)
Arran Sauternes Cask Finish,0.4645108076118822,0.24929704466797875,0.18006496980097977,Scotch (Islands)
Auchentoshan 12,0.46255764895275725,0.3189246303337855,0.2226542656825327,Scotch (Lowlands)
Auchentoshan Classic,0.43508728863145596,0.3389405276143221,0.0,Scotch (Lowlands)
Auchentoshan Three Wood,0.5267003876439301,0.2363408359519277,0.5548203291134458,Scotch (Lowlands)
Auchentoshan Valinch,0.5512772667899586,0.32823941412648594,0.25223307631345837,Scotch (Lowlands)
Aultmore 12,0.4633464164969284,0.29079926698082953,0.06444190192905963,Scotch (Speyside)
Baker's 107,0.6311493534746342,0.4324582496304175,0.3542224016593396,Bourbon
Balblair 1990 2nd Release,0.5948387212904269,0.09832941313262439,0.8103993204315487,Scotch (Highlands)
Balcones Brimstone,0.2730794718415188,0.48404884485864386,0.4352934145732311,American Whiskey
Balcones Texas Single Malt,0.5902300131678964,0.3093031928691045,0.2504094155481629,American Whiskey
Balvenie 12 Doublewood,0.5311070765020676,0.23588049996841703,0.3114511480017039,Scotch (Speyside)
Balvenie 12 Single Barrel First Fill,0.5649093062815769,0.33996172762890675,0.11198381035406935,Scotch (Speyside)
Balvenie 14 Caribbean Cask,0.5865511482520214,0.34940888312389073,0.3056319740201217,Scotch (Speyside)
Balvenie 15 Single Barrel,0.5438510610659021,0.3345791866115148,0.09415418460632247,Scotch (Speyside)
Balvenie 15 Single Barrel Sherry Cask,0.5320147657297356,0.14435680524847047,0.6298127169955309,Scotch (Speyside)
Balvenie 17 Doublewood,0.5364059105514548,0.17095946835510625,0.3465832669948735,Scotch (Speyside)
Balvenie 17 Madeira Cask,0.5327727368111205,0.26345450310936297,0.2581278791389361,Scotch (Speyside)
Balvenie 17 Peated Cask,0.21118248577708648,0.48488714163686264,0.3207270991073218,Scotch (Speyside)
Balvenie 21 Portwood,0.5275060889102189,0.2724705902713779,0.34908855015830476,Scotch (Speyside)
Balvenie Tun 1401 Batch #3,0.595281737291136,0.15408701571582964,0.5718534973873517,Scotch (Speyside)
Basil Hayden's,0.694271531832644,0.5466628435114119,0.3755117453736674,Bourbon
BenRiach 10 Curiositas,0.10100662917194247,0.48807187123948204,0.34043129067178174,Scotch (Speyside)
BenRiach 12,0.5313967445612421,0.24183237880420344,0.13702469640515313,Scotch (Speyside)
BenRiach 12 Importanticus Fumosus,0.1280608050624058,0.43715278746193886,0.5391061320244461,Scotch (Speyside)
BenRiach 12 Sherry Matured,0.5517401631071698,0.042836117642468696,0.8282253985279949,Scotch (Speyside)
BenRiach 16,0.44827288455212055,0.3014473773180767,0.18529526894783696,Scotch (Speyside)
BenRiach 17 Solstice,0.13034319421171775,0.4640626531616618,0.6284596703165384,Scotch (Speyside)
Benrinnes 14 1999 Lady of the Glen,0.5497526411102079,0.06571368260765492,0.764305825179526,Scotch (Speyside)
Benrinnes 23,0.5079275422939715,0.11747331823608242,0.8846371143942576,Scotch (Speyside)
Benromach 10,0.20729570637475087,0.3378408336683217,0.4911346569503068,Scotch (Speyside)
Benromach 10 100 Proof,0.2995039643762327,0.3305641956515174,0.6852852987572412,Scotch (Speyside)
Bernheim Original Small Batch Wheat Whiskey,0.6317628488189779,0.4337985452666202,0.2573902754646759,Other
Black Bottle,0.17128961556676842,0.4743422083075261,0.27708917129582444,Scotch (Blend)
Black Grouse,0.30711324866359824,0.4383566386834296,0.4699584567333521,Scotch (Blend)
Black Maple Hill,0.6644228122243512,0.45156296186394046,0.40887408218924065,Bourbon
Blanton's Original Single Barrel,0.6901456658804532,0.48037485086506787,0.3572877524684802,Bourbon
Blanton's Straight from the Barrel,0.7281177213186468,0.4499281344085241,0.5023516825331563,Bourbon
Booker's 25th Anniversary,0.6241319244398424,0.38696779470811876,0.44834816144773104,Bourbon
Booker's Bourbon,0.6481519992475826,0.43315247144252966,0.3820839338198525,Bourbon
Booker's Rye,0.8250720275403806,0.5604156527677217,0.8316192474001296,Rye
Bowmore 12,0.10334542976033179,0.5190822072996868,0.39734515286874,Scotch (Islay)
Bowmore 15 Darkest,0.22477886849097667,0.3507001353514716,0.5999999128186746,Scotch (Islay)
Bowmore 15 Laimrig,0.1023348238455517,0.29127041245241636,0.9642762878137747,Scotch (Islay)
Bowmore 18,0.20428055591148558,0.41761298422960114,0.5038028723509165,Scotch (Islay)
Bowmore Legend,0.2367229389218139,0.4359082689686999,0.3311570414412157,Scotch (Islay)
Bowmore Vault Edition 1st Release,0.04587628048561854,0.5189451370128125,0.31594973854216374,Scotch (Islay)
Breckenridge Bourbon,0.7330669231391043,0.6166739241042903,0.48707319241149777,Bourbon
Bruichladdich 21 Cuvee 407 PX,0.6389877984587127,0.12032344800546674,0.9732338654110659,Scotch (Islay)
Bruichladdich Black Art 2.2,0.4336895267837346,0.19978203960598803,0.6223250705373041,Scotch (Islay)
Bruichladdich Black Art 3.1,0.4343938572209039,0.18488704796901512,0.6401415648794861,Scotch (Islay)
Bruichladdich Black Art 4.1,0.5269627628198673,0.1622916722522523,0.6427968333815148,Scotch (Islay)
Bruichladdich Octomore 4.2_167 Comus,0.10213686365793034,0.4827036348119548,0.47468082291033714,Scotch (Islay)
Bruichladdich Octomore 6.1,0.04506340823187971,0.5646030023061259,0.4468027215953659,Scotch (Islay)
Bruichladdich Octomore 6.2,0.10835898891782791,0.4496830181933279,0.523017670157862,Scotch (Islay)
Bruichladdich Octomore 6.3,0.13889842973376193,0.5222464443648633,0.49448106098350125,Scotch (Islay)
Bruichladdich Octomore 7.2,0.037633469919230556,0.5188175425850583,0.5545317680411669,Scotch (Islay)
Bruichladdich Octomore 7.3,0.07877671176205431,0.43499381046014496,0.504043450459577,Scotch (Islay)
Bruichladdich Octomore 7.4,0.23517811929246094,0.5984258193199299,0.47537733539132315,Scotch (Islay)
Bruichladdich Port Charlotte 10,0.049920575936183875,0.5358285768210713,0.4353212233373191,Scotch (Islay)
Bruichladdich Port Charlotte 2007 CC:01,0.23270590892799664,0.416645748559563,0.5320394481472771,Scotch (Islay)
Bruichladdich Port Charlotte An Turas Mor,0.15679629486079444,0.4991691223769457,0.4088605489004067,Scotch (Islay)
Bruichladdich Port Charlotte PC12 Oileanach Furachail,0.3093115225785733,0.3005362869131917,0.8772740767052922,Scotch (Islay)
Bruichladdich Port Charlotte PC7 Sin an Doigh Ileach,0.005168188290843145,0.5824450619553939,0.5913289868067813,Scotch (Islay)
Bruichladdich Port Charlotte Scottish Barley,0.08307311574532067,0.49934821010754776,0.4293508254180661,Scotch (Islay)
Bruichladdich Port Charlotte The Peat Project,0.10777896229228773,0.5499996850839399,0.33783571584765043,Scotch (Islay)
Bruichladdich Rocks,0.388727825419107,0.37661253994138305,0.2396607911717791,Scotch (Islay)
Bruichladdich Scottish Barley The Classic Laddie,0.3840602588472694,0.36517467709490037,0.18469064285812453,Scotch (Islay)
Bruichladdich The Laddie Sixteen,0.5052143788966652,0.2965643068882883,0.12250706908183873,Scotch (Islay)
Bruichladdich The Laddie Ten,0.305080464738057,0.40478751287430137,0.24534181760236656,Scotch (Islay)
Buchanan's 12 De Luxe,0.37297672304621543,0.4685646702442323,0.17156710553350824,Scotch (Blend)
Buffalo Trace,0.6804537627794749,0.4786511595979385,0.32824094999911135,Bourbon
Buffalo Trace White Dog Mash #1,0.5352310147988804,0.4820995316517589,0.21635519355376767,Other
Bulleit Bourbon,0.7171838451228278,0.5479479996607854,0.45817685808477177,Bourbon
Bulleit Bourbon 10,0.6967589961517322,0.5414480580834341,0.4668245939666561,Bourbon
Bulleit Rye,0.7939224287375983,0.7195924098932107,0.5827648493352205,Rye
Bunnahabhain 12,0.3470507791007345,0.2684153524765385,0.5173935492519318,Scotch (Islay)
Bunnahabhain 14 Pedro Ximenez Finish,0.5575809013967764,0.1673621318188315,0.687636684137141,Scotch (Islay)
Bunnahabhain 18,0.441488723083989,0.2457717548035158,0.5932173197656276,Scotch (Islay)
Bunnahabhain 25,0.4521395295429398,0.24323223382185874,0.48419114353557946,Scotch (Islay)
Bunnahabhain Toiteach,0.1376427265384042,0.4979595526092608,0.4542377498327171,Scotch (Islay)
Bushmills 10,0.4697574901040267,0.22050138305494563,0.03933341211005631,Irish Whiskey
Bushmills Black Bush,0.5374889628735273,0.22040452079802683,0.19304426421908763,Irish Whiskey
Caol Ila 12,0.1008695328850529,0.5186524077435257,0.3869373372300697,Scotch (Islay)
Caol Ila 15 Unpeated,0.3964536302042043,0.3501522837351326,0.2165311376760329,Scotch (Islay)
Caol Ila 18,0.16558329673597927,0.4894486923370585,0.43876736510028985,Scotch (Islay)
Caol Ila Distiller's Edition,0.15627431516180323,0.5027025368133204,0.4653435197160701,Scotch (Islay)
Cardhu 12,0.45212868257328925,0.37177063101682495,0.1718427889884832,Scotch (Speyside)
Chivas Regal 12,0.49278656216109035,0.33653792620916034,0.14832488053084592,Scotch (Blend)
Clynelish 14,0.39572954776923214,0.33856552838633824,0.29744798673602013,Scotch (Highlands)
Collingwood 21,0.8299071325321468,0.6630763869325457,0.632587031413381,Canadian Whisky
Colonel E.H. Taylor Barrel Proof,0.6484923685059172,0.43497436748078117,0.41114307729688204,Bourbon
Colonel E.H. Taylor Cured Oak,0.7082170357752723,0.33990327804782905,0.46903398285087206,Bourbon
Colonel E.H. Taylor Single Barrel,0.6880218593220113,0.4630410956434303,0.4111977316043291,Bourbon
Colonel E.H. Taylor Small Batch,0.6396199839932926,0.44406492954237514,0.3327883725340896,Bourbon
Colonel E.H. Taylor Straight Rye,0.8002966017299101,0.6973400733390478,0.6174543064786099,Rye
Compass Box 3 Year Old Deluxe,0.31513636783719073,0.3759828006085849,0.1928601932578429,Scotch (Blend)
Compass Box Asyla,0.5338080894891496,0.33132028317881923,0.06781728915824303,Scotch (Blend)
Compass Box Enlightenment,0.46625744580049416,0.26101601691135423,0.01576527899181146,Scotch (Blend)
Compass Box Flaming Heart,0.10186239368326999,0.478534889933583,0.6634934406734637,Scotch (Blend)
Compass Box Flaming Heart 15th Anniversary Edition,0.1723966054149273,0.4657848409041094,0.43905818230520943,Scotch (Blend)
Compass Box Great King St. Artist's Blend,0.4902403145180614,0.32394300805421344,0.041546881167571104,Scotch (Blend)
Compass Box Great King St. Glasgow Blend,0.126046357063838,0.41333929155437493,0.4063380379223647,Scotch (Blend)
Compass Box Hedonism,0.5282820155500808,0.38293897111489233,0.08864188332755496,Scotch (Blend)
Compass Box No Name,0.10923207725170597,0.5010259657600407,0.4177269326236054,Scotch (Blend)
Compass Box Oak Cross,0.5864603033401684,0.29006970300322654,0.09230621253203958,Scotch (Blend)
Compass Box Peat Monster,0.007111633536764472,0.5845541404967773,0.388918257614985,Scotch (Blend)
Compass Box Spice Tree,0.6182905673405557,0.36751944351316784,0.3391616621265289,Scotch (Blend)
Compass Box The Lost Blend,0.244506011969467,0.40030485999588483,0.20812418449775663,Scotch (Blend)
Compass Box This is Not a Luxury Whisky,0.33762795837419557,0.1904230581328101,0.6787122444133389,Scotch (Blend)
Connemara Peated,0.12542901654690913,0.4799549607068781,0.34209514313272027,Irish Whiskey
Cragganmore 12,0.40542635152209744,0.32542215825458376,0.12470224733005858,Scotch (Speyside)
Craigellachie 13,0.4527811213778967,0.28976309412441115,0.10624969159049269,Scotch (Speyside)
Crown Royal,0.645000091003464,0.4933502307192179,0.23530323185860708,Canadian Whisky
Crown Royal Hand Selected Barrel,0.6812852200610564,0.5153401097116204,0.25486560190199475,Canadian Whisky
Crown Royal Northern Harvest Rye,0.7758096885324579,0.6748399175564408,0.47300193636465526,Canadian Whisky
Cutty Sark,0.4632687544724413,0.34538734515391767,0.024561862334312512,Scotch (Blend)
Dalmore 12,0.5223399270725884,0.2070491561270215,0.5469734374139473,Scotch (Highlands)
Dalmore 1263 King Alexander III,0.48633219826679946,0.23137782874405188,0.44763407246672476,Scotch (Highlands)
Dalmore 15,0.5306176473784491,0.16058150359953188,0.5538873457525637,Scotch (Highlands)
Dalmore Cigar Malt,0.4581520809376413,0.2428708759241155,0.5543039224084163,Scotch (Highlands)
Dalwhinnie 15,0.4030133376823424,0.34614680064931785,0.05541991034522753,Scotch (Highlands)
Deanston 12,0.5158105043392135,0.3042183564755444,0.1084637905443942,Scotch (Highlands)
Deanston Virgin Oak,0.5282485310524367,0.3325446598224875,0.14302413994971275,Scotch (Highlands)
Dewar's 12,0.3645746917129536,0.38971231188445954,0.08453423546229705,Scotch (Blend)
Dewar's White Label,0.4179114055828848,0.3817735476845558,0.18247539210643324,Scotch (Blend)
Dimple Pinch 15,0.40648997596736924,0.3624170736976241,0.23844863683780884,Scotch (Blend)
Eagle Rare 10,0.6453236696718399,0.42067474232874,0.3379695469347433,Bourbon
Eagle Rare 17,0.7595361549012376,0.44230771762683124,0.4619690320447062,Bourbon
Edradour 10,0.4730072838207736,0.2625216321316097,0.3282606495575402,Scotch (Highlands)
Elijah Craig 12,0.6588989115952515,0.46890983985363577,0.3648666199754405,Bourbon
Elijah Craig 18,0.6661876441981315,0.40959561944523626,0.40475992475017797,Bourbon
Elijah Craig Barrel Proof,0.6853133005491938,0.41774747534354106,0.5520519220397154,Bourbon
Elmer T. Lee,0.6706409896870735,0.4698149896226938,0.335540655239182,Bourbon
Evan Williams Black Label,0.6417826104646321,0.46080689892089605,0.28853626501772944,Bourbon
Evan Williams Single Barrel 2003,0.6579603188607651,0.43744973862162134,0.3345107717918718,Bourbon
Evan Williams Single Barrel 2004,0.6611953691353172,0.44603241595219456,0.29570406650763853,Bourbon
Evan Williams White Label Bottled in Bond,0.6528853610289779,0.43565044003540576,0.35973538218368484,Bourbon
Famous Grouse,0.4907608799160087,0.24257841936932054,0.20638726569212554,Scotch (Blend)
Finlaggan Old Reserve,0.04701478777982937,0.5573666963344329,0.4765533403660971,Scotch (Islay)
Forty Creek Barrel Select,0.6510274870349728,0.46688651703886985,0.40112802964303346,Canadian Whisky
Four Roses Single Barrel,0.7125333827695031,0.5180228198465108,0.48435620160632553,Bourbon
Four Roses Single Barrel Limited Edition 2014,0.7597098431655048,0.46284724490063855,0.6134946965035555,Bourbon
Four Roses Single Barrel Private Selection OBSF,0.7430913481380502,0.5759509834414199,0.5315323265892418,Bourbon
Four Roses Single Barrel Private Selection OBSK,0.7307871826265644,0.5342973283082563,0.5028706002687291,Bourbon
Four Roses Single Barrel Private Selection OBSQ,0.7900711298493752,0.5850597533679904,0.6521914036768851,Bourbon
Four Roses Single Barrel Private Selection OBSV,0.7611139836928478,0.4814756220697147,0.5067051709108652,Bourbon
Four Roses Single Barrel Private Selection OESF,0.6687940553494278,0.5225431920978891,0.45724831853646386,Bourbon
Four Roses Single Barrel Private Selection OESK,0.7219838456888622,0.5330698184400773,0.42703325994009766,Bourbon
Four Roses Single Barrel Private Selection OESQ,0.6513668037523703,0.4557033875628833,0.3362946027065251,Bourbon
Four Roses Small Batch,0.688581102176949,0.5252286642539569,0.3421199739607226,Bourbon
Four Roses Small Batch Limited Edition 2013 125th Anniversary,0.7233208872020435,0.43183013329260134,0.5229399053202949,Bourbon
Four Roses Small Batch Limited Edition 2014,0.744498064042594,0.46652889049206686,0.5583955203555151,Bourbon
Four Roses Small Batch Limited Edition 2015,0.7299955430121485,0.4911183147541923,0.5300177020508627,Bourbon
Four Roses Small Batch Limited Edition 2016,0.7289396054016439,0.37553729475811004,0.45364228805355533,Bourbon
Four Roses Yellow Label,0.6441366118602017,0.4477987668403835,0.263317464070833,Bourbon
George Dickel No. 12,0.5918826627472977,0.40308463742511635,0.2083131874416055,American Whiskey
George T. Stagg 2012,0.7124479757086589,0.3303823860920886,0.6629035531111597,Bourbon
George T. Stagg 2013,0.6808928710797668,0.42081340520775173,0.5481589608370468,Bourbon
George T. Stagg 2014,0.5917186111437158,0.34081917030889897,0.5180644327565845,Bourbon
George T. Stagg 2017,0.726140339752223,0.347170546282928,0.6642396493814138,Bourbon
Glen Garioch 12,0.5373308517109298,0.23696815976132116,0.3536085781179355,Scotch (Highlands)
Glen Garioch Founder's Reserve,0.5381403172867412,0.30517565825794046,0.2057938769518771,Scotch (Highlands)
Glen Grant 10,0.42880976326989506,0.2579950970059158,0.030800124417704133,Scotch (Speyside)
Glen Moray 12,0.5169569367701179,0.3129477372303775,0.055509797690742435,Scotch (Speyside)
GlenDronach 12 Original,0.533447947268448,0.15054304988041237,0.553395639284896,Scotch (Speyside)
GlenDronach 15 Revival,0.5555785080171903,0.08687798780893874,0.748984653731777,Scotch (Speyside)
GlenDronach 18 Allardice,0.4738098768269779,0.09874848378100176,0.6689999938171163,Scotch (Speyside)
GlenDronach 21 Parliament,0.5751757853804962,0.046599001728329925,0.8282209515447704,Scotch (Speyside)
GlenDronach Cask Strength,0.5893958948877112,0.09232844673646518,0.7473723553498834,Scotch (Speyside)
Glenfarclas 10,0.49245641213754887,0.16744482835999344,0.502697054716221,Scotch (Speyside)
Glenfarclas 105 Cask Strength,0.5524262559932397,0.16791741280004585,0.6787567663240794,Scotch (Speyside)
Glenfarclas 12,0.51812701209775,0.20232365227714444,0.48345304695876146,Scotch (Speyside)
Glenfarclas 15,0.5315663080354587,0.1448207410991084,0.5362232975832443,Scotch (Speyside)
Glenfarclas 17,0.5038435127969433,0.16979196524434165,0.4897125854924505,Scotch (Speyside)
Glenfarclas 21,0.5205769098050456,0.15470665801616063,0.582180097257066,Scotch (Speyside)
Glenfarclas 25,0.5187784303710044,0.1822074100337581,0.5720327663980779,Scotch (Speyside)
Glenfarclas 40,0.5964394671343277,0.03357941682082227,1.0,Scotch (Speyside)
Glenfiddich 12,0.48399994577994565,0.27309932899411565,0.04553043488544023,Scotch (Speyside)
Glenfiddich 14 Bourbon Barrel Reserve,0.5813845326298306,0.3304272422300041,0.06387825020651844,Scotch (Speyside)
Glenfiddich 14 Rich Oak,0.6115755909041897,0.3142570605796819,0.23764405528509422,Scotch (Speyside)
Glenfiddich 15,0.5215583765043695,0.22327639926139112,0.34989501929393596,Scotch (Speyside)
Glenfiddich 15 Distillery Edition,0.506926533467304,0.3097205668677639,0.32068968711958634,Scotch (Speyside)
Glenfiddich 18,0.5293056100725203,0.2501773298490617,0.3298613942173023,Scotch (Speyside)
Glenfiddich 21 Gran Reserva,0.5513333296799101,0.2721811078227316,0.22768076082425473,Scotch (Speyside)
Glenfiddich Experimental Series IPA Cask Finish,0.4682128001798167,0.27964606125711083,1.467479280642392e-05,Scotch (Speyside)
Glenfiddich Snow Phoenix,0.48975789568852934,0.21130841582111864,0.24936931737826198,Scotch (Speyside)
Glengoyne 10,0.392397056409012,0.28796416849647266,0.15360289976733782,Scotch (Highlands)
Glengoyne 12,0.5137995571188912,0.21911654472940378,0.1413744900553341,Scotch (Highlands)
Glengoyne 15,0.5009357540325992,0.21681012563980048,0.4108189993596634,Scotch (Highlands)
Glengoyne 17,0.5103906792576912,0.23664769731135857,0.45502166447214454,Scotch (Highlands)
Glengoyne 18,0.5674395129170056,0.1453517829809489,0.4570288547571536,Scotch (Highlands)
Glengoyne 21,0.5380910282925273,0.10830237112212232,0.6997581723558968,Scotch (Highlands)
Glengoyne 25,0.6118739538093315,0.07979491428882979,0.8757304349319058,Scotch (Highlands)
Glenkinchie 12,0.45388484485925756,0.3209955429231362,0.05246310320117359,Scotch (Lowlands)
Glenlivet 12,0.4783280782116286,0.31149309879189035,0.03853563379279901,Scotch (Speyside)
Glenlivet 15 French Oak Reserve,0.5578016967458175,0.3159195163239213,0.24981940684904003,Scotch (Speyside)
Glenlivet 16 Nadurra,0.5241980354770949,0.3098620632138933,0.10213656126922971,Scotch (Speyside)
Glenlivet 18,0.5554539766961596,0.21878864504057932,0.3477822140571365,Scotch (Speyside)
Glenlivet 21 Archive,0.5800896330593448,0.18288129685408872,0.427550922739151,Scotch (Speyside)
Glenlivet 25,0.5578946961547824,0.21913640493353664,0.570052811828514,Scotch (Speyside)
Glenlivet Nadurra Oloroso,0.5334271359287478,0.18303207967177101,0.5765181720755219,Scotch (Speyside)
Glenmorangie 10 Original,0.4786308549075458,0.32394773096919594,0.10480078651273211,Scotch (Highlands)
Glenmorangie 12 Quinta Ruban,0.5036361829644728,0.23964821830706173,0.4540686935457941,Scotch (Highlands)
Glenmorangie 18,0.5147649557950149,0.23257115569738662,0.21007586742473175,Scotch (Highlands)
Glenmorangie Artein,0.4833251554367094,0.3234158244099506,0.3124899565016881,Scotch (Highlands)
Glenmorangie Astar,0.5745695003582976,0.3207367799756578,0.1705206176578019,Scotch (Highlands)
Glenmorangie Ealanta,0.5827192711989291,0.3455521908107243,0.2546610430658991,Scotch (Highlands)
Glenmorangie Lasanta,0.5249543222100511,0.08057175413632778,0.6116789233182371,Scotch (Highlands)
Glenmorangie Nectar D'Or 12,0.48395582209602495,0.3181213554756792,0.210796608903388,Scotch (Highlands)
Glenmorangie Signet,0.5565328362042307,0.15011382220198635,0.5724806901098574,Scotch (Highlands)
Glenrothes Select Reserve,0.4796839034104554,0.3248398855241227,0.1469457856398375,Scotch (Speyside)
Green Spot,0.5253640855373161,0.24530422854730966,0.05605236100968797,Irish Whiskey
Hakushu 12,0.1952621108620311,0.40089768454963687,0.2631798208771815,Japan
Hazelburn 10,0.5148509562508978,0.29614023194514183,0.03530299853608693,Scotch (Campbeltown)
Heaven Hill 6 Bottled in Bond,0.684499236138226,0.5051924067911832,0.35151112983442784,Bourbon
Henry McKenna 10 Single Barrel,0.6453722343359778,0.4315326248572271,0.36273877490665407,Bourbon
Hibiki 12,0.4510637895690163,0.34828365359105384,0.2038102323449449,Japan
Hibiki 17,0.540841723479584,0.31959583495746746,0.2654934190765242,Japan
Hibiki Japanese Harmony,0.49945586215426147,0.2791267406510577,0.1609189206271638,Japan
High West A Midwinter Nights Dram,0.7564202977249435,0.534987967342492,0.7610620678990179,Rye
High West Bourye,0.7784538906976939,0.6500234355283322,0.6113126585261107,American Whiskey
High West Campfire,0.4208959608592469,0.8067122018795257,0.6846022318849219,American Whiskey
High West Double Rye,0.7241381177085693,0.7166085798686611,0.5250276234230524,Rye
High West Rendezvous Rye,0.8451841077599371,0.7907907260725983,0.651567814701882,Rye
High West Son of Bourye,0.7474738625892783,0.6295169283284638,0.5148070844752217,American Whiskey
High West Yippee Ki Yay,0.6904118741528598,0.4980573592092213,0.6924127256277893,Rye
Highland Park 12,0.2328562489551177,0.38624818752894374,0.3707631126410973,Scotch (Islands)
Highland Park 15,0.26499815480205646,0.3708357221459117,0.3327886087038322,Scotch (Islands)
Highland Park 15 Freya,0.34109920750572453,0.37267088996000225,0.21661074378369757,Scotch (Islands)
Highland Park 15 Loki,0.1579602179128713,0.4968151812728148,0.5090047885532475,Scotch (Islands)
Highland Park 18,0.2712672617174102,0.3343952590265281,0.5097328232853022,Scotch (Islands)
Highland Park 25,0.3901589505468924,0.3059796957508899,0.5768154892739273,Scotch (Islands)
Highland Park Dark Origins,0.242457994112402,0.24229180736754857,0.7331534980012873,Scotch (Islands)
J&B Rare,0.340923736396101,0.4347212456356632,0.1586544749562257,Scotch (Blend)
J.P. Wiser's 18,0.6581896978482116,0.4668187099813736,0.26298695631934144,Canadian Whisky
J.P. Wiser's Dissertation,0.8690974390501411,0.7317261427358235,0.5399097084016179,Canadian Whisky
J.P. Wiser's Last Barrels,0.6321650802484163,0.4041683529012386,0.23921609418904935,Canadian Whisky
Jack Daniel's Old No. 7,0.5509856777055525,0.4238241237988548,0.27633047273872785,Bourbon
Jack Daniel's Single Barrel,0.5988398835691379,0.45237190236713026,0.3174921821947293,Bourbon
Jameson,0.5538187651967003,0.33475855177233593,0.004602768276988023,Irish Whiskey
Jefferson's 10 Rye Whiskey,0.7314002697031512,0.6557999893305708,0.49319261501878014,Rye
Jim Beam Black 8 Double Aged,0.6887931608428332,0.4704420744696893,0.37017479140431064,Bourbon
Jim Beam Bonded,0.6044810911646452,0.4679658059026118,0.33434351533302226,Bourbon
Jim Beam Devil's Cut,0.6936704032837169,0.452578762528112,0.41616726115968794,Bourbon
Jim Beam Signature Craft 12,0.5876879994796214,0.35378740291659166,0.3210592972371056,Bourbon
Jim Beam White Label,0.5637098614682615,0.4462508292670822,0.20091553761299222,Bourbon
Johnnie Walker Black Label,0.2798505377234848,0.45313534983109743,0.27949313974183904,Scotch (Blend)
Johnnie Walker Blue Label,0.30069190644410215,0.40690107664129777,0.30373746592651185,Scotch (Blend)
Johnnie Walker Double Black,0.23635146436198384,0.5022156774320348,0.34783526931477704,Scotch (Blend)
Johnnie Walker Gold Label,0.3755067497955239,0.39189675549779085,0.19632313246425473,Scotch (Blend)
Johnnie Walker Green Label,0.29703725971382344,0.4084457012185971,0.30007762196619453,Scotch (Blend)
Johnnie Walker Platinum Label,0.3734245722483401,0.40424346653559107,0.21225942652908883,Scotch (Blend)
Johnnie Walker Red Label,0.4128851646616061,0.3972985283782754,0.18807826851601794,Scotch (Blend)
Johnny Drum Private Stock,0.636196910836202,0.42214923347376937,0.2980064606247266,Bourbon
Jura 10 Origin,0.4225153524653661,0.33735911093204307,0.2196849114975541,Scotch (Islands)
Jura 16,0.4444711404700372,0.340822533013169,0.3600925663926924,Scotch (Islands)
Jura Prophecy,0.16106976205761014,0.48012212474722693,0.5434284193408188,Scotch (Islands)
Jura Superstition,0.2712904640542215,0.4110385722321445,0.4066309058751563,Scotch (Islands)
Kavalan Concertmaster,0.5338866510918383,0.24639590509642706,0.341118122804059,World
Kavalan Solist Ex-Bourbon,0.6117057984904708,0.3388963254859015,0.1954535886652107,World
Kavalan Solist Sherry,0.53079168824075,0.0,0.9643296570042758,World
Kavalan Solist Vinho Barrique,0.6107431843158826,0.2584374694062637,0.46857661850154675,World
Kilchoman Coull Point,0.10061102067512068,0.4532634663620789,0.5716367441328639,Scotch (Islay)
Kilchoman Loch Gorm,0.09622937886738314,0.35712215750086407,0.7257342104482324,Scotch (Islay)
Kilchoman Machir Bay,0.10963792213714296,0.5152814564659912,0.3889263540347556,Scotch (Islay)
Kilchoman Port Cask Matured,0.20007366301879664,0.44663541109083704,0.5671758470345771,Scotch (Islay)
Kilchoman Sanaig,0.12824443670621116,0.36197368271638947,0.6769975645238806,Scotch (Islay)
Kilchoman Sherry Cask Release,0.054377362367627524,0.33732025071650384,0.7843354460470195,Scotch (Islay)
Kilkerran 12,0.3063142720774754,0.3659797833026792,0.258533568584939,Scotch (Campbeltown)
Knob Creek 9 Small Batch,0.6622275155082818,0.4517376715790834,0.43696387904767,Bourbon
Knob Creek Rye,0.715709576780839,0.5873680969749864,0.4747892483458239,Rye
Knob Creek Single Barrel Reserve,0.662921170867449,0.44678728136165613,0.3818696049674906,Bourbon
Lagavulin 12,0.11019361749276013,0.5089230850077471,0.48929591211188517,Scotch (Islay)
Lagavulin 16,0.09620687152712709,0.5073677174698836,0.5748325881013439,Scotch (Islay)
Lagavulin 1995 Distillers Edition,0.16932702511356396,0.36411174171533983,0.7016784149198405,Scotch (Islay)
Lagavulin 1997 Distillers Edition,0.1616654278243561,0.24620728240269799,0.8586098243331723,Scotch (Islay)
Lagavulin 8,0.1045907997482537,0.5436672519526424,0.4268927209497496,Scotch (Islay)
Laphroaig 10,0.094222023207643,0.5517775548984664,0.45652755028169834,Scotch (Islay)
Laphroaig 10 Cask Strength,0.09692985928730663,0.5505138293550561,0.5081514565147457,Scotch (Islay)
Laphroaig 15,0.1875329168170679,0.4553024225708662,0.34021989420501575,Scotch (Islay)
Laphroaig 18,0.11883000292776374,0.5399186552876206,0.4568068166096455,Scotch (Islay)
Laphroaig 25 Cask Strength 2008,0.19898778032478026,0.5101113850346913,0.5690058536210042,Scotch (Islay)
Laphroaig An Cuan Mor,0.20575168283890938,0.4946157920453784,0.6257022103605951,Scotch (Islay)
Laphroaig Cairdeas 2012 Origin,0.07197574290753861,0.5387151356950565,0.5317880821240346,Scotch (Islay)
Laphroaig Cairdeas 2013 Portwood,0.10316609068512594,0.45189879009801437,0.5969109388101536,Scotch (Islay)
Laphroaig Cairdeas 2014 Amontillado,0.12835820374266155,0.45595145869697595,0.6201793456364292,Scotch (Islay)
Laphroaig Cairdeas 2015,0.08789613372988986,0.538058737425323,0.444119090968592,Scotch (Islay)
Laphroaig Cairdeas 2016 Madeira,0.12452906979992062,0.4885014281567495,0.5367251736849993,Scotch (Islay)
Laphroaig Cairdeas 2017 Quarter Cask Cask Strength,0.23023811984973977,0.5162133824436654,0.4341168111343379,Scotch (Islay)
Laphroaig Lore,0.163194671574386,0.48822930831712275,0.46094089898734864,Scotch (Islay)
Laphroaig PX Cask,0.11660497735060804,0.3515645847076561,0.7302832532849319,Scotch (Islay)
Laphroaig Quarter Cask,0.0914913210426872,0.5824320815330135,0.5227714784006594,Scotch (Islay)
Laphroaig Select,0.1602727300627912,0.5113948174121673,0.3065537219402349,Scotch (Islay)
Laphroaig Triplewood,0.143858910653746,0.39549407065653763,0.6431461739236611,Scotch (Islay)
Larceny Small Batch Bourbon,0.6265690425914642,0.41095541717783274,0.25687955220652403,Bourbon
Ledaig 10,0.12124923384933406,0.5233741298041602,0.37474557854720963,Scotch (Islands)
Ledaig 18,0.15437589158581966,0.3055448954494724,0.6253785006097788,Scotch (Islands)
Ledaig 7 /r/Scotch Community Cask,0.2104956094810549,0.4268605786614861,0.5491916753962178,Scotch (Islands)
Longrow 10,0.08627735067562892,0.4975447254766032,0.2687529411379243,Scotch (Campbeltown)
Longrow Peated,0.1346915253679305,0.48720223464893164,0.3382697357235914,Scotch (Campbeltown)
Longrow Red 11 Australian Shiraz,0.13491899828405013,0.4367250179330328,0.6580384674568495,Scotch (Campbeltown)
Longrow Red 11 Cabernet Sauvignon,0.15082029825356974,0.467286378683344,0.5780875706807844,Scotch (Campbeltown)
Longrow Red 11 Fresh Port Cask,0.1861022659117113,0.3980578899548544,0.6618501314776443,Scotch (Campbeltown)
Longrow Red 12 Fresh Pinot Noir Cask,0.1467413855111699,0.4633573468883786,0.5760994213313959,Scotch (Campbeltown)
Longrow Red 13 Malbec,0.21386467015865573,0.4255979659093164,0.6576726393824727,Scotch (Campbeltown)
Lot No. 40,0.7333432785222053,0.593601831353535,0.4826378233334928,Canadian Whisky
Macallan 10 Fine Oak,0.5132892724299519,0.2524079690968372,0.18073680032416878,Scotch (Speyside)
Macallan 12,0.5138019624057389,0.16233839661664357,0.5342629681416884,Scotch (Speyside)
Macallan 12 Double Cask,0.6020790214700965,0.12800222935890004,0.5227804845933472,Scotch (Speyside)
Macallan 12 Sherry,0.5261935113127092,0.19835265946069774,0.5517854554495765,Scotch (Speyside)
Macallan 15 Fine Oak,0.5654991425138953,0.20551145017248235,0.3614068754316825,Scotch (Speyside)
Macallan 17 Fine Oak,0.5194414061815277,0.3277543951961186,0.20701436969483517,Scotch (Speyside)
Macallan 18,0.5043063608188505,0.09258641840607118,0.5797477428044713,Scotch (Speyside)
Macallan 18 Sherry,0.5631528088855079,0.19642743124569562,0.5137339124658139,Scotch (Speyside)
Macallan 25 Sherry,0.5542435763597381,0.1718727101880486,0.7421873793602639,Scotch (Speyside)
Macallan Classic Cut 2017,0.6123551153330175,0.0765539151411494,0.6705449381227937,Scotch (Speyside)
Macallan Edition No. 2,0.5866020932019749,0.14120941375153964,0.6284022376306838,Scotch (Speyside)
Macallan Gold,0.4816147264613786,0.23903116144772682,0.1705321747783517,Scotch (Speyside)
Macallan Rare Cask,0.5191151167784395,0.14670242356868982,0.4350375364128149,Scotch (Speyside)
Macallan Select Oak,0.5328871603741252,0.19492981646457572,0.3183432854823758,Scotch (Speyside)
Macallan Sherry Cask Strength,0.538759153669191,0.11084128659787335,0.7268851253680759,Scotch (Speyside)
Mackinlay's Shackleton Rare Old Highland Malt Whisky,0.3196283286623122,0.38292377027958124,0.3050366253547722,Scotch (Blend)
Maker's Mark,0.6053753212503871,0.43928581299017655,0.2637336347214499,Bourbon
Maker's Mark 46,0.650266910741857,0.3975720121749733,0.2821275075711622,Bourbon
Maker's Mark Cask Strength,0.6360678697801716,0.3918043983558065,0.3117991953232002,Bourbon
McClelland Islay,0.1675663316387631,0.48998239048296943,0.29296495310536635,Scotch (Islay)
Mellow Corn,0.5658322040825182,0.41543792528203827,0.07086440713239017,American Whiskey
Michel Couvreur 12 Overaged Malt Whiskey,0.3578083551590194,0.24630677116079405,0.6585973453703202,World
Michter's 10 Bourbon,0.7043348295145611,0.42339889535269976,0.35628823000280774,Bourbon
Michter's 10 Rye,1.0,1.0,0.7965842371127132,Rye
Michter's Barrel Strength Rye,0.8830005538249488,0.7447544492300384,0.7457058966038946,Rye
Millstone 100 Rye,0.8054445181313707,0.6723089883322482,0.641044851189486,World
Monkey Shoulder,0.5194171784967242,0.2676991453572616,0.11761709849524415,Scotch (Blend)
Mortlach 15 Gordon & MacPhail,0.49333699532434816,0.22509181340818987,0.4148649671631123,Scotch (Speyside)
Mortlach Rare Old,0.46327487841836956,0.30367459152839016,0.40457514742743655,Scotch (Speyside)
Nikka Coffey Grain,0.5356821634906718,0.3646853979817052,0.1716548648036349,Japan
Nikka Coffey Malt,0.5523902333042319,0.29546220876147433,0.3237067860147155,Japan
Nikka Taketsuru 21,0.47696590416936807,0.23224396060552283,0.5405368221283658,Japan
Nikka Whisky From The Barrel,0.5429959554084212,0.32993314203447854,0.2940551853481943,Japan
Noah's Mill,0.6450251772850987,0.4468629874386596,0.4189614966070518,Bourbon
Oban 14,0.3468023885795882,0.3668017327162247,0.27339445691181785,Scotch (Highlands)
Oban 18,0.38918414955387487,0.3224217181093232,0.2323744050807985,Scotch (Highlands)
Oban Little Bay,0.47447365056204116,0.34958867919022685,0.3164382160502985,Scotch (Highlands)
Old Ezra 101,0.6457074466778797,0.44647271464872335,0.3326462617573673,Bourbon
Old Forester 1920,0.7416961359057432,0.4550287332433234,0.5469702203717947,Bourbon
Old Forester 86,0.6965903601526916,0.5078389342326457,0.34229066693770127,Bourbon
Old Forester Birthday Bourbon 2014,0.6458969296416607,0.42357875869343187,0.336026295071592,Bourbon
Old Forester Signature,0.641457622122755,0.4090765373787327,0.5177019187851302,Bourbon
Old Grand Dad 100 Bottled in Bond,0.6963958261987958,0.5314578783521636,0.425886212269023,Bourbon
Old Grand Dad 114,0.6831227550958237,0.522114694424225,0.47410346039383966,Bourbon
Old Pulteney 12,0.39569234719450025,0.332380592726187,0.17294430600767183,Scotch (Highlands)
Old Pulteney 17,0.44347132977059434,0.3057489842378459,0.2589506053097407,Scotch (Highlands)
Old Pulteney 21,0.45502998081771984,0.2720578630552989,0.43559070031669356,Scotch (Highlands)
Old Rip Van Winkle 10,0.6214526244096207,0.35978358449210196,0.38560165046315786,Bourbon
Old Weller Antique 107,0.6388256553236116,0.4169103338230018,0.3532828427411754,Bourbon
Orphan Barrel Barterhouse 20,0.6600648247357986,0.422249881627973,0.3803532315442807,Bourbon
Pappy Van Winkle Family Reserve Bourbon 15,0.6545856926664108,0.370186307418352,0.4674903564614694,Bourbon
Pappy Van Winkle Family Reserve Bourbon 20,0.6529806491824537,0.37026155578651637,0.3806870680867023,Bourbon
Pappy Van Winkle Family Reserve Bourbon 23,0.67842027976711,0.39917789984476476,0.4311043431597238,Bourbon
Parker's Heritage Collection 6th: Blend of Mashbills,0.7464361945300708,0.5232906930625091,0.5159307844296592,Bourbon
Parker's Heritage Collection 7th: Promise of Hope,0.6258160377072146,0.4076011282728083,0.34593423613778573,Bourbon
Parker's Heritage Collection 8th: Wheat Whiskey,0.6420459724650606,0.3922756241179728,0.3550934279908003,Other
Parker's Heritage Collection 9th: Malt Whiskey,0.6533275821926036,0.376238250502007,0.31800308439261277,American Whiskey
Pig's Nose,0.47756562499520533,0.2891005338010843,0.28531442099026527,Scotch (Blend)
Pikesville Rye,0.773971827530974,0.6761144149254144,0.561277674683734,Rye
Port Ellen 32 12th Release,0.2019110683262767,0.46526936804670416,0.3689510006533086,Scotch (Islay)
Rebel Yell 10 Single Barrel,0.6473635989646062,0.3997582154298557,0.4100599072546424,Bourbon
Redbreast 12,0.5564276742837436,0.20256452379234519,0.3202046551729466,Irish Whiskey
Redbreast 12 Cask Strength,0.5900371554448489,0.26744560692295694,0.36130982368235415,Irish Whiskey
Redbreast 15,0.5542273417492029,0.27214431385309634,0.26984574553593166,Irish Whiskey
Redbreast 21,0.6707490381173142,0.26817055105079146,0.29792177936234565,Irish Whiskey
Redbreast Lustau Edition,0.6116064133882814,0.011348647633185938,0.6376382813479482,Irish Whiskey
Rittenhouse Rye 100,0.8177591200707919,0.7494993493698401,0.6310401862401901,Rye
Rock Hill Farms Single Barrel Bourbon,0.6884712049815154,0.4361047616562908,0.35434765167390875,Bourbon
Rowan's Creek,0.6101386748186262,0.4116707429888753,0.3339163850834437,Bourbon
Royal Lochnagar 12,0.4610499904203397,0.28373374446843325,0.20682676398764946,Scotch (Highlands)
Russell's Reserve 10,0.6429998133560867,0.4643776881177308,0.30839581113968384,Bourbon
Russell's Reserve Single Barrel Bourbon,0.7551499697892179,0.48391107017636936,0.4893442712504924,Bourbon
Russell's Reserve Single Barrel Rye,0.834773015184743,0.7162557304603994,0.576617668843995,Rye
Sazerac Rye,0.7872128888324199,0.712823703757619,0.5719634754685144,Rye
Scapa 16,0.43085173913785585,0.3297861000828811,0.19587726737668673,Scotch (Islands)
Sheep Dip,0.40496551870798764,0.31110743754882436,0.3337134270672995,Scotch (Blend)
Singleton of Glendullan 12,0.48975537911316613,0.2612478752330272,0.09265083808216945,Scotch (Speyside)
Smokehead,0.0,0.5628998124819461,0.39747878281328664,Scotch (Islay)
Smooth Ambler Old Scout Bourbon 10,0.6566977353095588,0.40775043062390837,0.34642894617000974,Bourbon
Smooth Ambler Old Scout Bourbon 7,0.7124860419648446,0.5453692947794859,0.49767250310044076,Bourbon
Smooth Ambler Old Scout Rye 7,0.7910517637393734,0.6717151038695168,0.656798962107973,Rye
Smooth Ambler Old Scout Rye 8,0.7821894776183096,0.6060605223890386,0.715107684134683,Rye
Speyburn 10,0.335191056218322,0.3648448319544185,0.10233957175707042,Scotch (Speyside)
Springbank 10,0.23408937066230878,0.4062970842606734,0.37038269712635885,Scotch (Campbeltown)
Springbank 10 100 Proof,0.348382705236682,0.3417229260825341,0.22875374927947592,Scotch (Campbeltown)
Springbank 12 Burgundy,0.346278002529387,0.316337425364886,0.5219219751510247,Scotch (Campbeltown)
Springbank 12 Cask Strength,0.31988377518658767,0.25733407037179523,0.5213181054578192,Scotch (Campbeltown)
Springbank 12 Cask Strength Batch 7,0.1306607610739679,0.336352143278927,0.6538090281862554,Scotch (Campbeltown)
Springbank 15,0.26303430220892754,0.33489688202727647,0.5258092753162056,Scotch (Campbeltown)
Springbank 16 Local Barley,0.2502627664766224,0.3354074105788431,0.3299230659864372,Scotch (Campbeltown)
Springbank 17 Sherry Wood,0.23416954184278585,0.27015380148203805,0.6944467706360838,Scotch (Campbeltown)
Springbank 18,0.2539576101522004,0.3644801849567678,0.5134597672085195,Scotch (Campbeltown)
Springbank 21,0.3891037817931921,0.2831952099895467,0.30311778806650214,Scotch (Campbeltown)
Stagg Jr.,0.6638282463113188,0.4204455347023355,0.46862370922202534,Bourbon
Stagg Jr. Batch #9,0.7193740140020211,0.36358664894774473,0.6921731676632794,Bourbon
Stranahan's Colorado Whiskey,0.4982109406976834,0.3342372054702136,0.31229770162466247,American Whiskey
Talisker 10,0.11176989341752397,0.5480949507699324,0.4768663894947431,Scotch (Islands)
Talisker 175th Anniversary,0.3135599932344011,0.40161290684240136,0.35913247669007525,Scotch (Islands)
Talisker 18,0.22593666437691426,0.45017127573884286,0.4612016153726655,Scotch (Islands)
Talisker 25,0.11578608164251064,0.5322207456208135,0.4527051902590646,Scotch (Islands)
Talisker 57° North,0.13870912700528243,0.5266070926839979,0.48913536605988084,Scotch (Islands)
Talisker Distiller's Edition 2012,0.10281508886308888,0.4343928061070492,0.7121364557804297,Scotch (Islands)
Talisker Port Ruighe,0.08467249122564491,0.451777743212198,0.5910208969731986,Scotch (Islands)
Talisker Storm,0.1575983329118163,0.4916834671784241,0.407707630007943,Scotch (Islands)
Tamdhu 10,0.5392087960120852,0.15928217408952822,0.48683782405030357,Scotch (Speyside)
Tamdhu 8 Signatory Cask Strength,0.5147051606611972,0.17726339420468465,0.541479310886,Scotch (Speyside)
Teeling Small Batch,0.5206512940811876,0.30399758297006585,0.19640243287118556,Irish Whiskey
Thomas H. Handy 2013,0.8700286454439606,0.6765148393731935,0.7566347908364515,Rye
Thomas H. Handy 2014,0.8701770514507006,0.7102755939412293,0.7513597518481598,Rye
Thomas H. Handy 2016,0.808371346026087,0.5573327468453431,0.6412163579978252,Rye
Tobermory 10,0.37601483524408885,0.3777317679765167,0.18338720166586128,Scotch (Islands)
Tobermory 15,0.44190664761580434,0.1436461569412827,0.6517672914463042,Scotch (Islands)
Tomatin 12,0.4818056886126188,0.21685393485835544,0.3476024406006914,Scotch (Highlands)
Tomatin 14 Portwood,0.5284052769200145,0.2456371587586608,0.39629846271111213,Scotch (Highlands)
Tomatin 18,0.5173052069989743,0.1997940328264574,0.41801776993503703,Scotch (Highlands)
Tomintoul 16,0.4564673352300073,0.28038304702715044,0.2426838474770205,Scotch (Speyside)
Té Bheag,0.26893955410606396,0.3821424509076853,0.35904828692106233,Scotch (Blend)
Van Winkle Family Reserve Rye 13,0.7966967568347897,0.5512395544898285,0.6745712602632996,Rye
Van Winkle Special Reserve 12 Lot B,0.6281125762614879,0.3674380497803541,0.3438503501484782,Bourbon
Very Old Barton Bottled In Bond,0.7192123483851666,0.5562730738119233,0.4634959743874688,Bourbon
W.L. Weller 12,0.6531502820291647,0.40564981523150767,0.3491933153207152,Bourbon
W.L. Weller Special Reserve,0.6173759333102211,0.4112629550903929,0.2910243545304202,Bourbon
Westland Sherry Wood,0.4432397653056537,0.09519051038542337,0.5466882718639599,American Whiskey
WhistlePig 10 Straight Rye,0.8483333091835827,0.7895066601207721,0.611812764643844,Rye
Wild Turkey 101,0.6808033831512809,0.5105738738081267,0.3850225720681091,Bourbon
Wild Turkey 101 Rye,0.7748692537353972,0.7210211808113454,0.5759126584656112,Rye
Wild Turkey 81,0.623623120835384,0.4403561679401498,0.2556620116614811,Bourbon
Wild Turkey Decades,0.7864272633331066,0.4743196263569674,0.4101716279301047,Bourbon
Wild Turkey Forgiven,0.7507406416402562,0.593043821084778,0.47338517062499647,American Whiskey
Wild Turkey Kentucky Spirit,0.7456011005701206,0.46808495863949817,0.5153542506006314,Bourbon
Wild Turkey Rare Breed,0.6949457102316294,0.47932959735161107,0.47305614305296095,Bourbon
Willett Family Estate Rye 2y,0.6358169048166471,0.5392249870586089,0.40109666165369945,Rye
Willett Family Estate Rye 3y,0.7073746135813634,0.5986936604703355,0.49058123642045726,Rye
Willett Family Estate Rye 4y,0.7340243264652544,0.6364839154820847,0.5361824622094901,Rye
William Larue Weller 2013,0.7052943083164165,0.35788464082034255,0.5248918677610248,Bourbon
William Larue Weller 2016,0.6843855877688796,0.37814185390692423,0.4620047340716482,Bourbon
Woodford Reserve Distiller's Select,0.6539886794088049,0.47511245502839194,0.32589145114208057,Bourbon
Woodford Reserve Double Oaked,0.6101417427017417,0.3653291740438926,0.3654902709834596,Bourbon
Yamazaki 12,0.5170378317152066,0.30197210838622324,0.17130943709276536,Japan
Yamazaki 18,0.4735004793014548,0.227077824142063,0.5743124670837286,Japan
Yellow Spot,0.5909663459441797,0.213126485683237,0.26285570553632515,Irish Whiskey
